Customer Name,State,Product,Units Sold,Unit Price,Total Sale,Sale Date,Sales Channel,Order ID,Calculated Sale,Diff,Year,Month,Quarter,Revenue Per Unit
Allison Hill,Lagos,Headphones,,267992.94,,2024-03-15,Wholesale,4c636e95-025f-4543-8997-623ae0723d96,,,2024,3,2024Q1,267992.94
Noah Rhodes,Anambra,Keyboard,,42364.41,,2024-12-10,,edaf3766-1b78-4ede-9a4f-fc0c9165f2ed,,,2024,12,2024Q4,42364.41
Angie Henderson,Delta,Keyboard,,279444.94,,2024-04-05,,74503887-48d9-4846-95c5-51fcfba57cc8,,,2024,4,2024Q2,279444.94
Daniel Wagner,Delta,Tablet,,95899.74,,2025-01-12,,8639bd41-8b15-4d94-a42d-0cd7fd359f6a,,,2025,1,2025Q1,95899.74
Cristian Santos,Oyo,Camera,,118189.9,,2023-08-30,Direct,225aed6c-f045-4043-a3a6-8a707e710b55,,,2023,8,2023Q3,118189.9
Connie Lawrence,Rivers,Tablet,36.0,185141.9,6665108.4,2024-09-10,Wholesale,45d8a6ad-77d0-459e-8114-14f8d9df0d0e,6665108.399999999,9.313225746154785e-10,2024,9,2024Q3,185141.9
Abigail Shaffer,Imo,Keyboard,,252859.28,,2024-09-04,Online,54a7b69b-1cd6-4b09-8f0e-6d2b315c167a,,,2024,9,2024Q3,252859.28
Gina Moore,Kano,Camera,,178320.53,,2024-02-21,Wholesale,a5f60735-757b-4b29-bb2a-a1462999394c,,,2024,2,2024Q1,178320.53
Gabrielle Davis,Plateau,Tablet,,152440.84,,2025-06-02,Direct,039b058c-2faa-4e0b-b7f6-0cdf41dc1c60,,,2025,6,2025Q2,152440.84
Monica Herrera,Abuja,Laptop,3.0,153159.37,459478.11,2025-05-02,Retail,317304b5-c1dd-484a-aca5-8d95915a1c30,459478.11,0.0,2025,5,2025Q2,153159.37
Jamie Arnold,Lagos,Tablet,43.0,147209.07,6329990.01,2023-11-10,Wholesale,a383889a-db2c-4ac8-9c67-83932ced3c0d,6329990.010000001,-9.313225746154785e-10,2023,11,2023Q4,147209.07
,Kano,Camera,,169095.82,,2025-01-13,,6d7df5d0-d3b5-4af7-a7ce-378fe5a4983b,,,2025,1,2025Q1,169095.82
Lisa Hensley,Enugu,Tablet,27.0,142730.33,3853718.91,2025-01-12,Direct,,3853718.9099999997,4.656612873077393e-10,2025,1,2025Q1,142730.33
Michele Williams,Delta,Charger,,5482.77,,2025-06-30,Direct,669d01ff-1634-425b-93f3-007383e96ef4,,,2025,6,2025Q2,5482.77
Dylan Miller,Bauchi,Charger,,99706.26,,2025-01-04,Retail,fb4fb88a-2f4d-4219-986b-2880ab545a15,,,2025,1,2025Q1,99706.26
Brian Ramirez,Katsina,Laptop,28.0,33326.57,933143.96,2024-11-17,,ef9240b6-52d7-4f10-ba3a-6e9623ff23d3,933143.96,0.0,2024,11,2024Q4,33326.57
Holly Wood,Lagos,Headphones,43.0,125253.81,5385913.83,2023-11-23,Direct,6231ee73-42c2-42eb-81bf-9e733f800385,5385913.83,0.0,2023,11,2023Q4,125253.81
Derek Zuniga,Imo,Headphones,77.0,92649.51,7134012.27,2025-03-18,Online,4459bd6e-c0f6-4229-b25d-42593c4b1eec,7134012.27,0.0,2025,3,2025Q1,92649.51
Lisa Jackson,Enugu,Camera,36.0,,,2024-04-16,,951c25d5-4d4c-4280-9462-52e7f43ba052,,,2024,4,2024Q2,
Carla Gray,Imo,Monitor,,269680.75,,2024-08-09,Wholesale,42f525b9-02ed-43ce-92a8-1713b90ed44b,,,2024,8,2024Q3,269680.75
Margaret Hawkins DDS,Niger,Headphones,33.0,261693.68,8635891.44,2024-01-01,Retail,3c7e5368-b159-4847-9c0b-9b10a757cb10,8635891.44,0.0,2024,1,2024Q1,261693.68
Patty Perez,Delta,Camera,,188963.51,,2023-10-13,Online,77242041-1e43-4bd2-aaf4-07f70fe76149,,,2023,10,2023Q4,188963.51
Ethan Adams,Ekiti,Laptop,4.0,179274.43,717097.72,2023-12-14,Online,afa28559-67c9-4204-a8e3-33b64e8adc4b,717097.72,0.0,2023,12,2023Q4,179274.43
Tommy Walter,Plateau,Monitor,,80026.37,,2025-03-17,Wholesale,e346f415-e526-4a2b-ac50-ace480a52e65,,,2025,3,2025Q1,80026.37
,Anambra,Monitor,,196849.5,,2023-10-26,Retail,b0b6dedf-4f9c-4027-8514-4d98b41c504f,,,2023,10,2023Q4,196849.5
Matthew Foster,Lagos,Charger,42.0,291631.03,12248503.26,2024-01-10,Direct,f0cd7f05-ea87-455e-a382-95d31e0ef546,12248503.260000002,-1.862645149230957e-09,2024,1,2024Q1,291631.03
Justin Baker,Niger,Monitor,7.0,68649.2,480544.4,2024-07-28,Direct,3889936a-9d58-47e8-9e17-5b664b87959f,480544.39999999997,5.820766091346741e-11,2024,7,2024Q3,68649.2
Zachary Hicks,Anambra,Camera,68.0,15880.87,1079899.16,2024-04-16,Wholesale,fd247c11-bf6b-4cdf-b479-7b6127372b52,1079899.1600000001,-2.3283064365386963e-10,2024,4,2024Q2,15880.87
Anthony Rodriguez,Oyo,Monitor,96.0,144394.41,13861863.36,2024-09-13,Online,b3b26337-6a74-4bb7-9fa5-e0aa9b11b530,13861863.36,0.0,2024,9,2024Q3,144394.41
Rebecca Henderson,Enugu,Monitor,,157507.58,,2024-09-27,Online,c1e1b94a-7888-4058-a9ad-0e9b8c9aa1e9,,,2024,9,2024Q3,157507.58
James Ferrell,Sokoto,Phone,,216494.26,,2024-04-22,Online,d35ac07a-aa02-47d0-8d4f-8b2b899ac252,,,2024,4,2024Q2,216494.26
Tricia Valencia,Rivers,Monitor,,232494.54,,2024-07-08,Wholesale,ae2ae341-3f59-44f2-8309-3b6e37e9d2e2,,,2024,7,2024Q3,232494.54
Nathan Maldonado,Kano,Keyboard,,114367.01,,2025-03-26,Direct,c9912032-df85-4777-9887-4bfec1369c65,,,2025,3,2025Q1,114367.01
Debra Davidson,Benue,Phone,65.0,246587.56,16028191.4,2024-09-11,Wholesale,87365a84-725e-434d-8687-9aa914f573d0,16028191.4,0.0,2024,9,2024Q3,246587.56
Jeffrey Chavez,Rivers,Charger,79.0,73037.87,5769991.73,2023-10-19,Wholesale,ead08c89-13fe-4a29-9c9d-eee0b42a0456,5769991.7299999995,9.313225746154785e-10,2023,10,2023Q4,73037.87
,Osun,Tablet,,171984.8,,2024-10-28,Online,d42a895e-0fcf-401f-9cb9-b73a906d5c8c,,,2024,10,2024Q4,171984.8
Cassandra Gaines,Katsina,Monitor,,210306.01,,2023-09-15,Online,2a1f1b61-265c-49d9-8962-8f6e929c93b3,,,2023,9,2023Q3,210306.01
Brittany Farmer,Abuja,Keyboard,,132591.05,,2024-03-07,Direct,711c7673-8535-4a69-9abf-984e53ff8461,,,2024,3,2024Q1,132591.05
Paula Moreno,Ekiti,Camera,,125924.7,,2024-05-15,Direct,b787ef8d-3495-411e-ae27-d4321dc1e7eb,,,2024,5,2024Q2,125924.7
Fred Smith,Imo,Tablet,,124181.55,,2025-01-17,,e61d9cde-1747-4387-bd23-d47995492a82,,,2025,1,2025Q1,124181.55
Sherry Decker,Rivers,Monitor,,61565.56,,2025-01-19,,0e3e25f2-cf06-41c7-b20b-274b82a7f586,,,2025,1,2025Q1,61565.56
Anthony Humphrey,Benue,Keyboard,10.0,150794.94,1507949.4,2024-07-16,,6a5943ce-8364-45e3-a1c7-1aa3741423b5,1507949.4,0.0,2024,7,2024Q3,150794.94
Angelica Tucker,Kano,Phone,,183637.68,,2024-08-22,Direct,8f0d5540-0ec7-4662-905c-7bdd74f0beae,,,2024,8,2024Q3,183637.68
Philip Cannon,Imo,Monitor,19.0,141745.84,2693170.96,2024-05-25,Online,4ee4334e-ce92-4136-ac3a-812f765e6cb5,2693170.96,0.0,2024,5,2024Q2,141745.84
Shane Henderson,Katsina,Monitor,,254588.91,,2024-05-24,Online,37c86152-beed-4af9-80c5-9f30d1031424,,,2024,5,2024Q2,254588.91
,Osun,Headphones,,218356.93,,2025-04-10,Wholesale,6c776e95-0b98-4ccd-92b2-102d940c3503,,,2025,4,2025Q2,218356.93
Joshua Blair,Plateau,Keyboard,,211879.68,,2024-09-29,,8a89b0f0-1052-41d3-b34c-6c7358330b30,,,2024,9,2024Q3,211879.68
Eric Carney,Enugu,Headphones,,155845.62,,2023-09-06,Online,e4eb8000-ef40-4162-8f6c-e9bffe7ee362,,,2023,9,2023Q3,155845.62
Jessica Holmes,Kano,Phone,,168485.59,,2023-10-16,,78d9a88a-ef0b-4a4f-bc73-7d9211ab3d11,,,2023,10,2023Q4,168485.59
Crystal Robinson,Delta,Phone,,143772.11,,2024-11-20,Wholesale,2e13418d-68ab-40ea-897e-c6d1081fc6dc,,,2024,11,2024Q4,143772.11
Mark Perez,Borno,Laptop,,113359.02,,2023-09-06,Direct,a43afb7a-c40d-4874-a2ab-7752c4db5a62,,,2023,9,2023Q3,113359.02
Shannon Jones,Kano,Monitor,,287027.3,,2024-06-24,Online,f6ba745b-a558-41e3-bab2-b77dfa740cc8,,,2024,6,2024Q2,287027.3
Timothy Duncan,Rivers,Keyboard,93.0,138169.23,12849738.39,2024-12-20,Direct,eac80da1-de9f-4f5b-b2d3-545861ea2f30,12849738.39,0.0,2024,12,2024Q4,138169.23
Richard Aguirre,Benue,Headphones,,160171.56,,2024-08-15,Direct,148b4376-602a-4e57-a0a3-99d4e821e716,,,2024,8,2024Q3,160171.56
Brent Jordan,Anambra,Phone,,164108.83,,2024-04-03,Online,dfe2c0a0-a96b-4c42-b6d2-2a7baec76a82,,,2024,4,2024Q2,164108.83
John Daniel,Ekiti,Tablet,,202922.64,,2023-10-18,,dc3bbdd8-a74e-42a9-a20b-9ea98a0f9508,,,2023,10,2023Q4,202922.64
,Osun,Monitor,,260362.49,,2025-05-22,Retail,fe2b34d8-2db0-428d-9e5e-be5459077299,,,2025,5,2025Q2,260362.49
Victoria Garcia,Kaduna,Charger,94.0,204383.39,19212038.66,2025-04-14,,2099d180-8762-4997-a49f-7d888989c5ab,19212038.66,0.0,2025,4,2025Q2,204383.39
Gerald Hensley,Osun,Camera,,241193.93,,2025-03-08,,d5b6de85-3902-49d9-ba8d-ae42ba54e920,,,2025,3,2025Q1,241193.93
Connor West,Osun,Keyboard,,79676.47,,2024-09-11,Retail,fa7e5d94-05d1-4b63-8194-f97f00e3a026,,,2024,9,2024Q3,79676.47
Donald Wright,Enugu,Charger,,145511.94,,2024-11-18,Direct,b8168aeb-ac6a-4c85-b687-6c624c61845e,,,2024,11,2024Q4,145511.94
Amber Kidd,Kano,Monitor,61.0,287222.55,17520575.55,2023-11-29,Retail,6118433b-882c-4d1e-ac93-a7918b60c511,17520575.55,0.0,2023,11,2023Q4,287222.55
Tracy House,Katsina,Tablet,12.0,84062.42,1008749.04,2025-02-26,Wholesale,75eb89c2-3f5c-42f3-bacb-43a3d2c7bffb,1008749.04,0.0,2025,2,2025Q1,84062.42
Carol Tucker,Kaduna,Monitor,,89900.5,,2023-10-19,Wholesale,3040413c-4690-4b15-a7b6-08dc589decb0,,,2023,10,2023Q4,89900.5
James Brown,Imo,Tablet,,282474.92,,2024-06-11,Wholesale,c3f725fe-b99b-4b5a-a00d-a49deffa2002,,,2024,6,2024Q2,282474.92
William Baker,Delta,Laptop,,294686.96,,2024-08-04,Direct,a902b73f-cf39-4648-883f-64c31ce362f8,,,2024,8,2024Q3,294686.96
Jordan Henderson,Kaduna,Keyboard,,231466.69,,2025-06-17,Retail,efad49e9-c41c-447e-9d6b-9b626b535a19,,,2025,6,2025Q2,231466.69
Whitney Peters,Ekiti,Phone,,211617.83,,2025-05-15,Online,3d9c4e64-0401-4ced-a398-36bbe23ddfaa,,,2025,5,2025Q2,211617.83
,Benue,Phone,,207226.85,,2023-08-23,Retail,980cb95c-19d4-4deb-9139-fa1234c1c3ea,,,2023,8,2023Q3,207226.85
Brittney Phillips,Anambra,Charger,,146956.42,,2025-04-16,Direct,ac09bdb7-9908-4e47-b249-f62c08987462,,,2025,4,2025Q2,146956.42
Amy Silva,Delta,Laptop,,144201.13,,2024-08-16,Direct,705fddf5-66fa-4ca0-8b53-1932bd9419aa,,,2024,8,2024Q3,144201.13
Sarah Moore,Sokoto,Phone,,168366.03,,2023-11-06,Wholesale,c11f6bf5-379e-4467-8a2d-b2e63bfda8a6,,,2023,11,2023Q4,168366.03
Angela Lopez,Abuja,Phone,93.0,280378.37,26075188.41,2024-03-03,Direct,23dfecd7-0e73-4dd7-86ac-1b04dd1d6cd1,26075188.41,0.0,2024,3,2024Q1,280378.37
Steve Sanchez,Abuja,Camera,,86692.92,,2023-11-13,Wholesale,3bf2025f-4a0d-4b73-be54-ee4b80ff5173,,,2023,11,2023Q4,86692.92
Lisa Barnes,Sokoto,Phone,,172256.3,,2024-03-17,Wholesale,937bf79b-bb44-4adc-aa98-fef8d0d75e37,,,2024,3,2024Q1,172256.3
Kelly Donovan,Benue,Headphones,65.0,163185.67,10607068.55,2025-07-06,Retail,c5c51060-9911-41e7-93d5-63ae51a3ac26,10607068.55,0.0,2025,7,2025Q3,163185.67
Mike Allen,Anambra,Camera,,268780.26,,2025-01-11,Direct,3ca5be29-5217-4bf3-9181-83d1ac2b0cfc,,,2025,1,2025Q1,268780.26
Michael Evans,Kano,Headphones,62.0,118662.47,7357073.14,2024-01-02,,fc568b53-24ac-4722-a052-77394d406f1b,7357073.14,0.0,2024,1,2024Q1,118662.47
,Plateau,Laptop,,103867.84,,2025-07-10,Retail,8e85140d-0f9a-4b70-8670-7cd64ceda164,,,2025,7,2025Q3,103867.84
Zachary Ferrell,Sokoto,Camera,,232032.77,,2024-08-17,Direct,bc36dc59-e134-4dfc-9777-7f10f2d2393f,,,2024,8,2024Q3,232032.77
Daniel Baker,Enugu,Keyboard,74.0,44369.6,3283350.4,2025-06-05,Online,adc29178-a041-4612-acd5-8759e95d2761,3283350.4,0.0,2025,6,2025Q2,44369.6
Shirley Suarez,Cross River,Tablet,,13098.91,,2024-02-16,Retail,0c00988a-7ee1-411a-8e4c-3ab56d5d0477,,,2024,2,2024Q1,13098.91
Christopher Bass,Benue,Charger,,286616.46,,2025-04-28,Wholesale,a4b05c89-f10b-4e9c-982b-91eef8e8035b,,,2025,4,2025Q2,286616.46
Lisa Archer,Ekiti,Headphones,,24169.32,,2023-09-10,Online,86433603-c92a-4d7c-a193-5990abdd1a8f,,,2023,9,2023Q3,24169.32
Aimee Montoya,Oyo,Laptop,,277240.88,,2024-01-21,Direct,6883ac6e-6a94-4054-b241-4482519894d8,,,2024,1,2024Q1,277240.88
Brian Rodriguez,Oyo,Tablet,,224327.88,,2024-11-15,,2f12b150-605f-41eb-8cc5-7e0d26332018,,,2024,11,2024Q4,224327.88
Denise Jacobs,Delta,Laptop,35.0,,,2024-09-10,Direct,3db0174e-7938-478a-89b5-aab0c12169db,,,2024,9,2024Q3,
Christina Walters,Imo,Phone,,64589.05,,2024-02-09,Wholesale,db87d29c-4cfd-4fc1-b9b0-2e2ad96e684f,,,2024,2,2024Q1,64589.05
John Whitehead,Imo,Tablet,,248471.54,,2023-10-16,Direct,7688d11f-ce47-48be-a4f4-3c62b523c0de,,,2023,10,2023Q4,248471.54
Anna Henderson,Anambra,Monitor,,81704.25,,2024-11-07,Wholesale,69a53b4f-8ff8-469d-8ec0-713dea2c7a51,,,2024,11,2024Q4,81704.25
,Plateau,Monitor,1.0,168824.4,168824.4,2024-03-02,Direct,87ad8b26-8eaa-4841-aaa0-426df7c0d5f7,168824.4,0.0,2024,3,2024Q1,168824.4
Aaron Wise,Niger,Camera,,81850.63,,2024-10-30,,41476506-3e2b-49c9-a36f-6e5c2253e706,,,2024,10,2024Q4,81850.63
Deborah Figueroa,Plateau,Laptop,,33213.36,,2024-08-28,Retail,143df5b3-a58e-43dd-948c-1d84340de049,,,2024,8,2024Q3,33213.36
Jessica Smith,Benue,Camera,9.0,222396.85,2001571.65,2023-09-21,Wholesale,5efeef4f-d8dd-4bc0-b325-3aa3ec170298,2001571.6500000001,-2.3283064365386963e-10,2023,9,2023Q3,222396.85
Stephen Mckee,Osun,Laptop,,72164.98,,2024-08-04,Wholesale,d453f867-b97e-4224-891f-691217abb863,,,2024,8,2024Q3,72164.98
Sandra Aguilar,Delta,Tablet,4.0,15704.25,62817.0,2024-11-19,,608e149e-44b9-4602-8d31-812e30c36756,62817.0,0.0,2024,11,2024Q4,15704.25
Rebecca Valencia,Bauchi,Phone,,271602.67,,2024-10-12,Direct,cdfd9531-302b-4831-92a1-fe7ddfa59722,,,2024,10,2024Q4,271602.67
Richard Henson,Kano,Monitor,44.0,70234.55,3090320.2,2023-11-07,Retail,abe42e7d-b96c-4163-966b-e275c2fe8954,3090320.2,0.0,2023,11,2023Q4,70234.55
Marc Moore,Abuja,Charger,,30509.29,,2023-11-20,Direct,3579c143-7ab9-4428-b78e-65108f10d33e,,,2023,11,2023Q4,30509.29
Sharon Cherry,Rivers,Laptop,,99422.94,,2024-12-03,Wholesale,4d9dbaeb-553d-4625-a833-4da5de95d695,,,2024,12,2024Q4,99422.94
Sierra Johnson,Oyo,Charger,,141984.97,,2024-11-07,Wholesale,363908bf-03ec-48ff-a8b3-d763f4ff3f3a,,,2024,11,2024Q4,141984.97
,Kaduna,Phone,77.0,204517.0,15747809.0,2025-01-20,Direct,bdd151b0-f64a-46ec-b0a5-648eefe9b3d0,15747809.0,0.0,2025,1,2025Q1,204517.0
Evelyn Galvan,Niger,Monitor,7.0,41671.38,291699.66,2025-06-10,,c11bd1c4-ffe3-4366-bf33-7a151e086f20,291699.66,0.0,2025,6,2025Q2,41671.38
Sharon Cochran,Katsina,Keyboard,,289373.37,,2024-10-23,Retail,b2149062-3e1a-463e-aa18-d32c7a9a8ef5,,,2024,10,2024Q4,289373.37
Shannon Walker,Benue,Monitor,,293384.26,,2025-04-25,Direct,52555c75-8d55-419e-bd44-cb2cea45ba41,,,2025,4,2025Q2,293384.26
Julia Torres,Benue,Charger,,47803.35,,2025-06-27,Wholesale,775c30b5-6173-4c48-8876-9153c68813fe,,,2025,6,2025Q2,47803.35
Crystal Johnson,Katsina,Keyboard,,196041.39,,2024-09-20,Direct,4ef4c34d-5bf8-4f3c-a612-9a1c889d4b76,,,2024,9,2024Q3,196041.39
Garrett Lin,Ekiti,Headphones,,264253.91,,2023-08-11,Wholesale,e1fff6c0-8347-41da-9c11-ab6d42f5b3f5,,,2023,8,2023Q3,264253.91
Diana May,Bauchi,Monitor,,142972.04,,2025-04-11,Online,cd8563ca-193e-438d-b74c-0afa7f4d908c,,,2025,4,2025Q2,142972.04
Ashley Waller,Imo,Tablet,,226895.36,,2023-08-02,Retail,c2fa1da8-7830-4631-b8f0-188efb37afae,,,2023,8,2023Q3,226895.36
Victor Baker,Lagos,Keyboard,56.0,86529.89,4845673.84,2023-09-12,,340029c3-ea11-405b-91fa-cefad6f89f7a,4845673.84,0.0,2023,9,2023Q3,86529.89
Jeffrey Chandler,Rivers,Keyboard,,85981.89,,2023-08-15,,0bb401e7-69f7-43f1-901b-a8515ee68495,,,2023,8,2023Q3,85981.89
Larry Dixon,Anambra,Tablet,,18219.19,,2025-02-28,,8da5d39b-42c2-4797-8426-fcc9255b30e2,,,2025,2,2025Q1,18219.19
Kenneth Scott,Sokoto,Charger,,230733.14,,2024-09-30,Online,b852b3cd-9442-45e6-9583-1d58ef4c5119,,,2024,9,2024Q3,230733.14
April Frost,Rivers,Camera,6.0,195863.47,1175180.82,2024-02-01,Direct,32399ffb-2704-4f25-8b91-b8cb6ae66582,1175180.82,0.0,2024,2,2024Q1,195863.47
Michelle Harmon,Borno,Laptop,,70049.95,,2024-11-27,Retail,91ddb9bf-613d-4de9-bae2-802354720d2d,,,2024,11,2024Q4,70049.95
Helen Jones,Niger,Tablet,8.0,221736.61,1773892.88,2023-12-21,Direct,8cf6e8b8-7fd2-48c3-bee8-2983d5574241,1773892.88,0.0,2023,12,2023Q4,221736.61
Erin Edwards,Kaduna,Keyboard,,255174.76,,2025-02-25,Wholesale,566a9ce7-af52-4b94-b186-e47aa7946320,,,2025,2,2025Q1,255174.76
Michelle Evans,Ekiti,Camera,28.0,11670.82,326782.96,2024-09-27,Online,7d1645a0-d253-4966-836b-9a0a41e02a89,326782.95999999996,5.820766091346741e-11,2024,9,2024Q3,11670.82
Jason Powell,Lagos,Keyboard,,276480.53,,2024-05-29,Direct,bd5609c4-a446-4663-b93b-17fbf76d15fd,,,2024,5,2024Q2,276480.53
Cameron Fisher,Anambra,Monitor,,125656.55,,2024-11-02,Direct,bb96f602-2b11-4c36-b5f8-e3a87d97ac0f,,,2024,11,2024Q4,125656.55
Elizabeth Kelley,Kaduna,Phone,,251362.66,,2023-08-03,Wholesale,23d4526b-2b54-4f7a-9a28-37b2cb8383f2,,,2023,8,2023Q3,251362.66
Dustin Jordan,Bauchi,Keyboard,56.0,280209.82,15691749.92,2024-07-31,Retail,2f1dc121-7d02-4c6d-8bea-75c1b86677aa,15691749.92,0.0,2024,7,2024Q3,280209.82
,Rivers,Charger,,11383.78,,2025-05-31,Wholesale,fd85d7fa-8ac9-4b01-a3ad-64d4eab9eb02,,,2025,5,2025Q2,11383.78
Mary Marshall,Borno,Headphones,,250942.86,,2024-11-09,Retail,862138ad-0f09-405c-b50d-7a37a44d9fec,,,2024,11,2024Q4,250942.86
Daniel Kennedy,Bauchi,Keyboard,,236494.21,,2024-09-06,Direct,13075157-d8c1-48e7-96cd-315508a8ac7f,,,2024,9,2024Q3,236494.21
Rebecca Jackson,Katsina,Camera,,56300.33,,2024-02-20,Direct,0c6b7074-ab10-4c9b-9168-2e09f1f7d904,,,2024,2,2024Q1,56300.33
Jose Schultz,Enugu,Charger,46.0,224826.46,10342017.16,2024-11-20,Online,2332a50e-6992-496e-81a2-5ed1c3abb5f1,10342017.16,0.0,2024,11,2024Q4,224826.46
Robert Potter,Oyo,Tablet,,261751.06,,2024-03-01,Direct,116658ce-3b3f-4800-a175-a9c3d7b102a9,,,2024,3,2024Q1,261751.06
Courtney Gonzalez,Osun,Charger,,87195.36,,2024-07-20,,37fe032c-0257-4851-a6a9-e100b509109b,,,2024,7,2024Q3,87195.36
Angel Perry,Imo,Tablet,,11721.12,,2025-03-27,,ef145064-aab0-4015-a342-2e509e2a7324,,,2025,3,2025Q1,11721.12
Cheyenne Horton,Bauchi,Phone,,89868.47,,2025-03-29,Direct,a8c6dbc0-7bb3-447b-a9aa-144b9dd43675,,,2025,3,2025Q1,89868.47
David Douglas Jr.,Lagos,Camera,,181033.5,,2024-12-24,,883f13c6-01b1-48e9-8406-ff447ce40679,,,2024,12,2024Q4,181033.5
Christopher Rubio,Sokoto,Camera,,100845.11,,2024-02-27,Direct,04482a22-0308-4a5e-a94d-7b008d388327,,,2024,2,2024Q1,100845.11
,Cross River,Monitor,,136577.55,,2024-06-27,,892621df-4655-48b7-b8e1-9f568787ea21,,,2024,6,2024Q2,136577.55
Amber Wright,Lagos,Keyboard,,192573.07,,2023-09-05,Online,80913ac1-0463-450e-8964-6b96fa3c1628,,,2023,9,2023Q3,192573.07
Joyce Solis,Rivers,Camera,,157533.4,,2024-12-26,Wholesale,6e3a0ba8-ac8d-4c7d-b2a6-e468d02b1243,,,2024,12,2024Q4,157533.4
Victoria Larson,Osun,Keyboard,,266833.36,,2023-08-26,,2de46e91-e8e6-4840-b090-f5a0ce610199,,,2023,8,2023Q3,266833.36
Stephanie Salazar,Borno,Keyboard,47.0,,,2023-11-10,,863e1f2a-18a8-46ef-ab05-3fc41b656dab,,,2023,11,2023Q4,
Kathy Rivas,Delta,Keyboard,56.0,40692.88,2278801.28,2024-06-16,Online,9ea9f508-3122-4592-bdb0-2235261e2555,2278801.28,0.0,2024,6,2024Q2,40692.88
Stephanie Manning,Abuja,Phone,,151511.7,,2024-05-28,Online,5abca6e5-d0b1-43eb-809e-7a8086c5d1d6,,,2024,5,2024Q2,151511.7
David Wright,Delta,Laptop,,82214.71,,2024-07-21,Retail,143a9aff-659b-4105-8b80-f288446f64dd,,,2024,7,2024Q3,82214.71
Pamela Boyd,Plateau,Tablet,68.0,242739.76,16506303.68,2024-07-05,Wholesale,7580e050-67f1-498c-b594-8a545f804eeb,16506303.68,0.0,2024,7,2024Q3,242739.76
Denise Jones,Kano,Camera,,99539.89,,2023-12-16,Retail,b27e1442-fd7f-4973-be42-df5b90a3fbbf,,,2023,12,2023Q4,99539.89
Devon Flores,Kano,Monitor,,219470.21,,2024-03-31,,d3fbe043-af1d-4a1a-8ccb-235539d1c7ff,,,2024,3,2024Q1,219470.21
Brenda Hall,Cross River,Camera,,194661.46,,2024-10-24,Online,fdde64af-a75b-495a-94a3-4f7fd90dd19b,,,2024,10,2024Q4,194661.46
,Imo,Charger,,4718.22,,2024-03-09,Direct,081c79d4-c274-47eb-a65f-7b8adbb44021,,,2024,3,2024Q1,4718.22
Joshua Perry,Oyo,Keyboard,82.0,,,2025-05-10,Wholesale,608e2f5c-6117-4270-a7c0-518b17efa621,,,2025,5,2025Q2,
Jason Stein,Oyo,Charger,,101465.1,,2025-01-18,Direct,a301ec03-0e5d-4c6a-b9db-78628d7dd772,,,2025,1,2025Q1,101465.1
Melissa Gates,Cross River,Monitor,,88859.77,,2024-03-15,Online,152aeaec-2bdf-4b41-b3ed-a8f1026b5383,,,2024,3,2024Q1,88859.77
Jamie Smith,Imo,Charger,,202483.14,,2025-01-31,Online,a518a418-6f14-43f6-9867-888b7ff6b824,,,2025,1,2025Q1,202483.14
Paul Castaneda,Kaduna,Charger,83.0,58351.81,4843200.23,2025-05-09,Online,fa323f69-90db-4ad6-94ce-26bec8cce2c2,4843200.2299999995,9.313225746154785e-10,2025,5,2025Q2,58351.81
Jennifer Adkins,Anambra,Keyboard,31.0,183480.87,5687906.97,2024-04-04,Wholesale,e5110961-1869-4217-b94d-8fcbdba3496f,5687906.97,0.0,2024,4,2024Q2,183480.87
Lindsey Walker,Bauchi,Tablet,,191798.38,,2024-05-15,Retail,3ad1fa33-0ae4-4c11-ab4d-8f42873570a2,,,2024,5,2024Q2,191798.38
Jeffrey Johnson,Katsina,Tablet,26.0,121944.37,3170553.62,2023-10-20,,b139c476-de3c-488b-a6b9-d31a361f6d90,3170553.62,0.0,2023,10,2023Q4,121944.37
Michael Powell,Niger,Tablet,78.0,128597.12,10030575.36,2025-02-20,,45667c48-79ba-430a-9118-c400e336c243,10030575.36,0.0,2025,2,2025Q1,128597.12
John Anderson,Enugu,Camera,,98714.03,,2024-04-23,,af36b8cc-1308-4974-ac95-b3ac0beb7c34,,,2024,4,2024Q2,98714.03
Alyssa Long,Imo,Laptop,10.0,,,2024-08-13,,8b040f53-e639-49d4-87c6-8688ecf32053,,,2024,8,2024Q3,
Alyssa Day,Enugu,Camera,,120549.56,,2024-09-19,,2dea2d2d-086c-405f-a879-d8f890422eb7,,,2024,9,2024Q3,120549.56
Joel Williams,Benue,Laptop,,294514.72,,2024-03-14,Direct,04022b3c-5082-41a5-99b5-9f84edc3a1c3,,,2024,3,2024Q1,294514.72
Daniel Murphy,Osun,Headphones,,143497.5,,2024-01-14,Wholesale,24e9bcfd-9647-4f9f-b508-507af622d842,,,2024,1,2024Q1,143497.5
Jamie Walton,Ekiti,Camera,,280779.7,,2024-07-07,Direct,d226a8b3-b674-410d-9218-c9d6c093bfb0,,,2024,7,2024Q3,280779.7
Darlene Miller,Bauchi,Camera,,2545.62,,2023-10-14,Direct,4c9d6907-13b2-4cec-adca-bf9465f6ba53,,,2023,10,2023Q4,2545.62
Joshua Cooke,Ekiti,Keyboard,,115380.53,,2024-02-03,,9112fbc0-3d8f-45f4-905f-9096299656e2,,,2024,2,2024Q1,115380.53
Matthew Harrington,Rivers,Tablet,,134297.29,,2024-06-24,,ad5229dd-639f-4471-9975-0f00d5aba8ae,,,2024,6,2024Q2,134297.29
Nicole Herring,Delta,Tablet,41.0,80464.8,3299056.8,2024-01-19,Retail,6243bed7-54ec-4f33-8a62-4cbde582b678,3299056.8000000003,-4.656612873077393e-10,2024,1,2024Q1,80464.8
Alex Hernandez,Delta,Laptop,57.0,,,2023-10-28,Wholesale,ca5e151b-23d3-4d4c-bd5f-f093c16f9bcc,,,2023,10,2023Q4,
Michael Elliott,Kano,Camera,,99222.78,,2023-09-24,Online,1413d64d-b962-48a7-b076-a7dcfd0ce433,,,2023,9,2023Q3,99222.78
Michael Wang,Sokoto,Tablet,,174947.0,,2023-08-19,Direct,588a3f87-f96d-40f8-bed6-3da08033f5c2,,,2023,8,2023Q3,174947.0
Lawrence Adkins,Lagos,Camera,,172076.77,,2024-02-21,Online,3b6dca0d-6fe5-440b-9901-ef870dbf0caf,,,2024,2,2024Q1,172076.77
Robert Oconnell,Plateau,Charger,,78835.17,,2024-05-04,Wholesale,9aec56a8-5731-4609-9375-ee90d6b361e4,,,2024,5,2024Q2,78835.17
,Imo,Headphones,65.0,108185.85,7032080.25,2025-05-12,Direct,9879cf35-f471-4986-9d26-4599c4dd8df5,7032080.25,0.0,2025,5,2025Q2,108185.85
Tina Sanders,Plateau,Phone,58.0,200501.94,11629112.52,2024-05-30,Online,538d6b8c-c607-41e9-b80b-2cea658e54a2,11629112.52,0.0,2024,5,2024Q2,200501.94
Angela Vaughn,Delta,Headphones,,139885.8,,2024-01-19,Retail,c8969c5b-45f8-428d-a255-e1bb07958c1f,,,2024,1,2024Q1,139885.8
Ashley Barton,Lagos,Tablet,37.0,48335.19,1788402.03,2025-05-13,Wholesale,3a67470c-7d98-402f-b357-41e5fe1a1ba9,1788402.03,0.0,2025,5,2025Q2,48335.19
Lindsay Martinez,Kano,Phone,83.0,,,2025-06-10,Wholesale,601bfbcb-f0ee-4cce-8d93-e14a5b167158,,,2025,6,2025Q2,
Dr. Hannah Patterson,Abuja,Phone,,205979.05,,2023-11-12,Wholesale,95fbe976-ae00-4b7e-af8c-83e56e8d9644,,,2023,11,2023Q4,205979.05
Jonathan Peterson,Delta,Tablet,,276970.25,,2025-04-02,Direct,c5acc354-15f0-4cb4-a14c-721da921cb4c,,,2025,4,2025Q2,276970.25
Samantha Garcia,Kano,Headphones,,266396.52,,2024-03-21,Retail,3f175534-cc4d-4819-8b9d-fd589e5d9c7a,,,2024,3,2024Q1,266396.52
Madison Poole,Abuja,Keyboard,,231067.39,,2025-07-05,,4499d0a6-1500-4170-92d1-5585b68e47fa,,,2025,7,2025Q3,231067.39
Jessica Gross,Sokoto,Laptop,,207241.97,,2024-10-01,Direct,c8ad0899-b630-494d-a147-adeb277b0667,,,2024,10,2024Q4,207241.97
Debra Morton,Kano,Phone,,191794.04,,2025-01-21,Wholesale,63be441d-bd5a-4c9e-a77e-b0aaa247541d,,,2025,1,2025Q1,191794.04
Karen Graham,Bauchi,Tablet,,282220.37,,2024-03-09,Direct,176de21f-1b46-4bdc-9c56-d9bc5111d31d,,,2024,3,2024Q1,282220.37
,Delta,Keyboard,,110579.4,,2023-12-05,Online,71da35b9-4eea-4db8-b165-d77901547950,,,2023,12,2023Q4,110579.4
Debra Christian,Anambra,Keyboard,65.0,66644.35,4331882.75,2025-02-22,Direct,1a2bd69c-450f-49ee-82e7-9a985c238d8d,4331882.75,0.0,2025,2,2025Q1,66644.35
John Bishop,Enugu,Charger,,287229.48,,2024-08-01,Wholesale,6e54ac6d-2ff8-487e-9659-1c8921ebfaa9,,,2024,8,2024Q3,287229.48
Allen Rosales,Imo,Headphones,92.0,143715.48,13221824.16,2024-08-13,Online,832f52c4-8e03-40cf-8e96-922772e76b51,13221824.16,0.0,2024,8,2024Q3,143715.48
Daniel Salinas,Oyo,Phone,,136766.11,,2024-07-07,Wholesale,16f142a2-06b9-49aa-9a71-67c768759545,,,2024,7,2024Q3,136766.11
Spencer Haynes,Plateau,Tablet,23.0,296656.97,6823110.31,2024-08-01,Online,98d00c2c-17d3-4f32-8de1-596c5a9a206a,6823110.31,0.0,2024,8,2024Q3,296656.97
Adam Vaughan,Plateau,Keyboard,,112400.64,,2025-05-23,Online,dd1ca267-530d-4da6-88d0-f9e5991965ea,,,2025,5,2025Q2,112400.64
Nathan Freeman,Cross River,Laptop,,210731.25,,2024-03-06,Online,69ef74e3-4ab6-421c-8328-c136629ef3d8,,,2024,3,2024Q1,210731.25
Melissa Brewer,Delta,Laptop,,273882.67,,2024-07-31,Wholesale,b98f5dbe-15ae-4e0f-8777-a07f6346d4ef,,,2024,7,2024Q3,273882.67
Ricky Davis II,Cross River,Monitor,79.0,227326.48,17958791.92,2023-07-29,Online,fe2390f3-e7bb-4efc-8f3d-c97fe6b0da0a,17958791.92,0.0,2023,7,2023Q3,227326.48
Elizabeth Perkins,Niger,Keyboard,,240697.5,,2023-09-18,Retail,85671b58-926b-4fa5-be24-5fbffa698cd2,,,2023,9,2023Q3,240697.5
,Rivers,Phone,,247768.25,,2024-08-06,,44b64ec1-4d16-4049-84d7-df9a238b05b7,,,2024,8,2024Q3,247768.25
Erin Warner,Rivers,Headphones,,228676.96,,2024-06-30,Retail,2ace1aa9-1032-46b3-a55b-fc1c7e3d5ee4,,,2024,6,2024Q2,228676.96
David Martinez,Niger,Headphones,,204262.41,,2024-01-13,,4cbc9044-6bcd-4ce7-86a5-6fe86f46f1b1,,,2024,1,2024Q1,204262.41
Cathy Robinson,Niger,Laptop,,236317.52,,2024-10-06,Wholesale,5c72aebd-13b1-4e59-885c-d7147bf69552,,,2024,10,2024Q4,236317.52
Dr. William Warren,Niger,Camera,,157889.24,,2024-04-10,,b88cddde-3f20-46c2-b1b8-8d65406f64d6,,,2024,4,2024Q2,157889.24
Brian Lee,Ekiti,Laptop,,158687.85,,2023-08-17,Direct,9dde0188-9803-422e-beec-e88da002352a,,,2023,8,2023Q3,158687.85
Christopher Smith,Abuja,Monitor,,108854.57,,2023-08-19,Direct,22af711f-1b62-4a9d-b536-6b9f320f72c0,,,2023,8,2023Q3,108854.57
Denise Mccann,Rivers,Camera,,275214.79,,2024-02-14,Retail,654c11d9-f2e6-4828-81bb-819c4dfe1117,,,2024,2,2024Q1,275214.79
Melissa Martinez,Abuja,Monitor,78.0,,,2024-07-29,Direct,614077d3-9ec4-4a48-9773-f98d550c2fe9,,,2024,7,2024Q3,
Katherine Salas,Benue,Keyboard,43.0,34106.53,1466580.79,2024-10-17,Retail,70b27304-545c-488d-9cb9-075ecdd7f460,1466580.79,0.0,2024,10,2024Q4,34106.53
Julie Alexander,Sokoto,Keyboard,,248717.83,,2025-05-26,Retail,d2d33488-d0c3-4018-ae3c-dd4f55b145e4,,,2025,5,2025Q2,248717.83
Anthony Everett,Rivers,Tablet,,270915.0,,2025-04-25,Direct,982a2277-f966-459f-a6aa-59e5dc08bf29,,,2025,4,2025Q2,270915.0
,Delta,Monitor,,61045.96,,2024-11-30,Direct,9a6c0db9-5217-4c88-8ce9-53a722d90db3,,,2024,11,2024Q4,61045.96
Rodney Morales,Enugu,Tablet,,161229.72,,2024-12-14,Online,7aa061e9-336b-40cb-b1fe-ad13f280df1d,,,2024,12,2024Q4,161229.72
Mark Brown,Enugu,Phone,51.0,49778.88,2538722.88,2024-07-10,,65f30779-f6ee-4cdb-ad79-a2d1506e50c7,2538722.88,0.0,2024,7,2024Q3,49778.88
Justin Torres,Imo,Laptop,,256418.56,,2024-02-17,Retail,bc20b9f2-4a9c-489e-91b3-0182f7fe604f,,,2024,2,2024Q1,256418.56
Courtney Mills,Oyo,Camera,,204248.42,,2023-07-17,,f7bf5244-7db2-47aa-a205-e54fb1e8c09d,,,2023,7,2023Q3,204248.42
Elizabeth Oliver DDS,Kaduna,Laptop,,215216.93,,2023-10-02,Direct,c92e8c93-d105-48d6-87c1-c01760452909,,,2023,10,2023Q4,215216.93
Theresa Clark,Anambra,Headphones,,146903.98,,2024-06-09,Online,ee9bf3e1-1d27-409a-9d71-a89864976593,,,2024,6,2024Q2,146903.98
Matthew Moore,Ekiti,Camera,,269717.36,,2023-10-23,Retail,ff4cc10f-979c-40cf-b326-1887905881df,,,2023,10,2023Q4,269717.36
Benjamin Smith,Delta,Headphones,,133922.07,,2025-05-26,Retail,c4829b71-ae84-481c-ae0f-b5b38bae591e,,,2025,5,2025Q2,133922.07
Kirk Carter,Kano,Laptop,,17162.92,,2024-02-01,Wholesale,ba2aa7ba-f3f8-4c31-86e3-f9498cd34c62,,,2024,2,2024Q1,17162.92
Michael Warner,Ekiti,Headphones,,40017.33,,2025-01-26,Online,35ab8466-b557-4b00-b166-cdcf762cdfbc,,,2025,1,2025Q1,40017.33
,Imo,Phone,,124919.66,,2024-04-20,,d4cee27c-4a94-4e9f-8c35-1e4f703e957f,,,2024,4,2024Q2,124919.66
Michael Bradshaw,Rivers,Monitor,40.0,169391.4,6775656.0,2025-02-23,Online,d908a121-d1a7-4a20-91b4-61e9b15da72d,6775656.0,0.0,2025,2,2025Q1,169391.4
Lori Guerrero,Abuja,Keyboard,,167859.76,,2024-05-19,,ac484366-68bd-40d7-8b88-1c32cbb02a8b,,,2024,5,2024Q2,167859.76
Susan Serrano,Lagos,Tablet,25.0,201993.93,5049848.25,2023-08-15,Wholesale,2775ee42-a89e-42f2-80af-bf3f3df51967,5049848.25,0.0,2023,8,2023Q3,201993.93
Laura Roberts,Delta,Camera,,7020.25,,2023-08-19,Retail,6082786f-ca00-4f58-ac52-1d13b719bb68,,,2023,8,2023Q3,7020.25
Michael Lyons,Kaduna,Tablet,,76709.94,,2024-09-25,Direct,9912316a-fd9e-4e20-b2f6-095812ef6101,,,2024,9,2024Q3,76709.94
Kathryn Snyder,Niger,Tablet,,1403.13,,2024-09-19,Online,88cc4d49-669b-49b8-950d-f1a07aaf2001,,,2024,9,2024Q3,1403.13
Andrew Reynolds,Cross River,Keyboard,,65761.44,,2023-12-09,Wholesale,dea050c6-eb9e-4274-ac6a-37ad81b15db9,,,2023,12,2023Q4,65761.44
David Davis,Cross River,Laptop,,22372.34,,2024-04-17,Direct,09697101-8b2c-450a-ab15-c11bb113d50b,,,2024,4,2024Q2,22372.34
Sara Johnston,Enugu,Camera,,127397.37,,2024-09-12,,b39e4df2-5c0a-4feb-b7ea-e66eca6caf9b,,,2024,9,2024Q3,127397.37
Yvonne Chambers,Benue,Tablet,,210265.27,,2024-02-20,Wholesale,98049562-8972-4bbd-8ff2-b1c4e53f9644,,,2024,2,2024Q1,210265.27
,Abuja,Camera,49.0,,,2023-09-06,,1bffa279-15c1-404f-aa16-3354a35fc9c1,,,2023,9,2023Q3,
Andrew Avila,Kaduna,Monitor,21.0,162578.47,3414147.87,2024-05-06,Direct,aa2960fd-a858-44df-bf8c-1097c4da2c2e,3414147.87,0.0,2024,5,2024Q2,162578.47
Matthew Moon,Benue,Laptop,,18546.56,,2024-08-05,,9cd8758b-a5a1-4825-aa95-28c35ae1dbad,,,2024,8,2024Q3,18546.56
Kevin Walters,Lagos,Camera,,268318.42,,2024-06-24,Direct,a520c3d0-fbcd-4f5e-902f-34650b570720,,,2024,6,2024Q2,268318.42
Brandon Bailey MD,Benue,Headphones,57.0,295848.11,16863342.27,2025-02-23,,f780ef2f-664d-4922-a590-fd3cad6ecc57,16863342.27,0.0,2025,2,2025Q1,295848.11
Shannon Rivera,Anambra,Tablet,,141885.32,,2024-09-10,Online,cbd5cc86-f739-46e9-94e3-8579c0afd193,,,2024,9,2024Q3,141885.32
Krista Gibson,Borno,Laptop,,54404.41,,2025-04-12,Wholesale,193e4783-02b3-4254-9b1f-2eb16e3255a8,,,2025,4,2025Q2,54404.41
Frank Cordova,Niger,Phone,,41060.95,,2024-11-06,Direct,bf31c29f-82bb-4d84-b8d5-101f423cad9d,,,2024,11,2024Q4,41060.95
Jose Travis,Imo,Headphones,,192636.74,,2024-12-20,,b00ac64c-949c-48d4-8ed8-a80d84cfee39,,,2024,12,2024Q4,192636.74
Kimberly Gutierrez,Cross River,Tablet,58.0,,,2024-10-27,Retail,5fc64cd0-721e-4b1f-b895-89399342a09f,,,2024,10,2024Q4,
Isaiah Avila,Oyo,Tablet,69.0,218922.21,15105632.49,2023-10-11,Wholesale,adf75924-c5b8-486b-b68b-4f7e64215e66,15105632.49,0.0,2023,10,2023Q4,218922.21
Olivia Harris,Enugu,Keyboard,,289152.88,,2023-10-18,,2697384d-801e-4690-b0c0-7fcc96add4df,,,2023,10,2023Q4,289152.88
,Borno,Laptop,,112651.05,,2023-09-24,,7b96e2d1-0649-4cf6-bf69-723d584fc85b,,,2023,9,2023Q3,112651.05
Tanya Kim,Enugu,Keyboard,,267454.41,,2024-05-11,Online,eba900e1-6a7d-4d96-8ba1-72331ac3bf31,,,2024,5,2024Q2,267454.41
Barbara Dudley,Abuja,Tablet,,134836.87,,2024-04-25,Retail,d4d13d55-1db6-4844-95fa-9483f633cc2d,,,2024,4,2024Q2,134836.87
Cynthia Moore,Plateau,Monitor,,275175.97,,2025-03-19,Wholesale,592c1107-2444-4301-baeb-286bf0d0270f,,,2025,3,2025Q1,275175.97
Kristen Davis,Imo,Tablet,,113560.16,,2024-03-30,Online,c8c5eb2a-7490-4deb-97d3-37d34fd80bbb,,,2024,3,2024Q1,113560.16
Susan Murray MD,Abuja,Keyboard,,24534.87,,2024-09-16,Retail,592a3549-7ba1-49d0-8567-c80534f541c0,,,2024,9,2024Q3,24534.87
Kathleen Moran,Sokoto,Keyboard,54.0,289261.24,15620106.96,2025-07-09,Wholesale,b8d49848-702b-449f-98fd-d2b979e5c9aa,15620106.959999999,1.862645149230957e-09,2025,7,2025Q3,289261.24
Mrs. Kristen Reyes,Abuja,Phone,,262428.84,,2025-02-16,Retail,1132567c-51a4-4d2a-b3d3-9457b25f13df,,,2025,2,2025Q1,262428.84
Katie Suarez,Plateau,Monitor,,40330.45,,2023-10-31,Wholesale,b5f59cb0-cf68-4878-8b70-59334cde1b6b,,,2023,10,2023Q4,40330.45
Desiree Tyler,Cross River,Charger,,258155.83,,2023-12-12,Retail,57d3f4dd-d963-4c72-85c8-234b1d763a66,,,2023,12,2023Q4,258155.83
Timothy Romero,Bauchi,Tablet,71.0,36030.63,2558174.73,2024-10-20,,ccd015c1-ad59-40dd-9bff-3142a5e15b55,2558174.73,0.0,2024,10,2024Q4,36030.63
Diane Evans,Bauchi,Phone,,297857.61,,2024-08-09,Direct,bd90b81a-fbe0-46b8-ae0f-65a82a131c1f,,,2024,8,2024Q3,297857.61
,Kaduna,Laptop,,118221.06,,2024-05-17,Direct,8d49fe3f-2ca8-4783-8418-2d353e711433,,,2024,5,2024Q2,118221.06
Yvonne Burns,Abuja,Camera,11.0,38640.45,425044.95,2024-08-02,,6d268b37-8f52-42d3-94bb-bcf828fea761,425044.94999999995,5.820766091346741e-11,2024,8,2024Q3,38640.45
Joshua Reed,Bauchi,Phone,,293627.95,,2023-08-11,Retail,cc39b925-3b5a-4288-b649-2e64f55dce6d,,,2023,8,2023Q3,293627.95
Kimberly Gibson,Kano,Tablet,66.0,250529.07,16534918.62,2023-08-15,,2fb70dab-2f38-4b43-a137-f8e467b13040,16534918.620000001,-1.862645149230957e-09,2023,8,2023Q3,250529.07
Colin Terry,Kaduna,Phone,56.0,,,2023-08-10,Direct,6544e313-6ea0-4d13-a845-54c3a3f66c61,,,2023,8,2023Q3,
Cynthia Rowe,Kano,Headphones,,226975.73,,2023-10-25,Direct,e212ab7c-9d36-4cb6-bcc5-7be00779250a,,,2023,10,2023Q4,226975.73
Patrick Thornton,Katsina,Keyboard,45.0,293557.96,13210108.2,2025-01-15,Retail,6df72cd3-979a-4051-b317-591a3283daa4,13210108.200000001,-1.862645149230957e-09,2025,1,2025Q1,293557.96
Jasmin Alvarado,Kano,Keyboard,54.0,139169.67,7515162.18,2024-03-25,Direct,36fce0ac-b469-4db3-8123-a348638abdf6,7515162.180000001,-9.313225746154785e-10,2024,3,2024Q1,139169.67
Jonathan Lawrence,Benue,Headphones,48.0,127526.34,6121264.32,2024-07-12,Retail,b4299924-c098-4750-8741-9b4834ae4abd,6121264.32,0.0,2024,7,2024Q3,127526.34
Shelly Alexander,Rivers,Monitor,50.0,114093.3,5704665.0,2024-08-17,,93cd1291-1004-4d82-8bc7-2f1acf08ea54,5704665.0,0.0,2024,8,2024Q3,114093.3
Joyce Bowen,Plateau,Keyboard,48.0,69284.39,3325650.72,2024-06-29,Retail,89718eea-df3a-498a-8cac-2fb51a0c6c04,3325650.7199999997,4.656612873077393e-10,2024,6,2024Q2,69284.39
Matthew Moore,Delta,Laptop,,138457.27,,2023-11-03,Direct,327375bf-5373-4f4d-9da4-9cb92fdc9992,,,2023,11,2023Q4,138457.27
,Plateau,Keyboard,,46958.85,,2024-10-23,Wholesale,abb316a7-4329-4780-9d2c-272175220646,,,2024,10,2024Q4,46958.85
Marie Christian,Abuja,Monitor,19.0,56949.9,1082048.1,2024-08-14,Retail,637ddcd6-98d3-448b-903b-4078a39c9ec6,1082048.1,0.0,2024,8,2024Q3,56949.9
Shannon James,Katsina,Charger,,262624.85,,2023-10-27,Wholesale,1d3e503a-9645-40e4-a47d-c3929c7eb575,,,2023,10,2023Q4,262624.85
Nathan Malone,Kano,Charger,,229764.23,,2024-03-21,Direct,753659ef-d873-4ad9-9a1b-af0e591196dc,,,2024,3,2024Q1,229764.23
Amanda Jones,Niger,Laptop,,10149.09,,2025-07-03,,ac7051d1-d051-467f-ac2a-c34b9e0b7b01,,,2025,7,2025Q3,10149.09
Tammie Bright,Plateau,Headphones,,198229.21,,2024-10-29,Online,eb2ec80e-4c25-4823-8cf4-ffb0b4bba73f,,,2024,10,2024Q4,198229.21
Jessica Garcia,Plateau,Charger,79.0,184669.5,14588890.5,2024-03-14,Wholesale,ac0f6801-15b2-4e1d-9715-46339d4edb71,14588890.5,0.0,2024,3,2024Q1,184669.5
Shelia Wallace,Bauchi,Monitor,11.0,280903.26,3089935.86,2023-11-14,Online,3d131a3d-1e2c-4e7d-902c-f0ee224a66a6,3089935.8600000003,-4.656612873077393e-10,2023,11,2023Q4,280903.26
Elaine Brooks,Anambra,Tablet,,72579.56,,2024-10-31,Retail,5f90fc87-2edc-417e-9df0-5d184e2d6255,,,2024,10,2024Q4,72579.56
Carolyn Miller,Sokoto,Phone,,20653.63,,2025-04-25,Direct,93267d25-234b-4562-98af-5cca6b11b7cb,,,2025,4,2025Q2,20653.63
,Delta,Keyboard,,178386.27,,2024-02-28,,7c966b55-2f8d-4ded-ac4c-450b623ad0fc,,,2024,2,2024Q1,178386.27
Lisa Allen,Anambra,Laptop,,134209.1,,2024-10-14,,eb4e2281-b184-41fc-8991-b01aa2b03c4b,,,2024,10,2024Q4,134209.1
Briana Murray,Benue,Charger,16.0,201771.08,3228337.28,2024-03-28,Direct,2c591da8-fff9-4acf-ae42-05eea52fc3ec,3228337.28,0.0,2024,3,2024Q1,201771.08
David Smith,Oyo,Tablet,,261727.62,,2024-08-08,Direct,49f1137d-7d59-4e19-aab7-b2ef8e0ec033,,,2024,8,2024Q3,261727.62
Stephanie Byrd,Borno,Charger,,73797.88,,2025-04-14,Direct,d78c57d3-5088-40d3-afe5-b14023ea7956,,,2025,4,2025Q2,73797.88
Jeremy Reed,Ekiti,Laptop,59.0,13748.9,811185.1,2024-08-09,Direct,dd92dd7c-0db9-47a9-9e91-a71c7374ccbf,811185.1,0.0,2024,8,2024Q3,13748.9
Margaret Coleman,Sokoto,Monitor,,131969.36,,2024-08-27,Direct,7c0f549d-0274-4f73-b3ab-ea0d5be9fdb3,,,2024,8,2024Q3,131969.36
Ryan Gonzalez,Kano,Phone,,162158.06,,2024-07-25,Direct,624a2a50-d0b1-4de0-b1f3-f0c022f3f068,,,2024,7,2024Q3,162158.06
Laura Haney,Ekiti,Monitor,,226438.52,,2024-09-20,Online,7de1bf5d-af48-47f0-a8bd-075b7eb6581e,,,2024,9,2024Q3,226438.52
Keith Jennings,Plateau,Camera,,42470.6,,2024-07-13,Online,71a0449d-d703-462f-b5cb-e3f56a66c184,,,2024,7,2024Q3,42470.6
Amber Obrien,Rivers,Charger,55.0,298048.29,16392655.95,2025-04-04,Retail,90bde900-1529-46f5-aad1-1fe87d1b695e,16392655.95,0.0,2025,4,2025Q2,298048.29
,Kano,Keyboard,,70631.37,,2023-07-23,Wholesale,38749f3c-c2d4-4b56-8bbe-d98007e67cb0,,,2023,7,2023Q3,70631.37
Tanner Mitchell DDS,Imo,Keyboard,,274960.91,,2024-04-22,Online,398f569b-465c-42cb-885e-b4894ac66780,,,2024,4,2024Q2,274960.91
Heather Fields,Enugu,Phone,54.0,173045.05,9344432.7,2024-03-24,Wholesale,c7de96ea-2b0f-4e44-89e6-4c2289a0b7eb,9344432.7,0.0,2024,3,2024Q1,173045.05
Megan Le,Bauchi,Camera,,173453.71,,2024-12-15,Retail,c5c5ae8a-be15-4d12-90ce-77e9751303b9,,,2024,12,2024Q4,173453.71
Sara Fuller,Anambra,Tablet,,231875.19,,2023-10-04,,82c42e48-8cba-4ae5-becc-daf4c4134dc2,,,2023,10,2023Q4,231875.19
Maria Parker,Oyo,Headphones,47.0,,,2024-05-29,Wholesale,44945e09-1d3c-45a4-929d-63771cfb655f,,,2024,5,2024Q2,
Kevin Oconnor,Osun,Tablet,,245605.56,,2024-10-06,Retail,fdab3441-d2c2-4960-8b09-01abc66dceb3,,,2024,10,2024Q4,245605.56
Edward Burgess,Kano,Keyboard,,71452.76,,2024-03-05,Direct,c1bcbe59-d296-412d-8ac3-5ac45deaa737,,,2024,3,2024Q1,71452.76
Carlos Ryan,Delta,Keyboard,71.0,262939.37,18668695.27,2025-03-20,,70fd6672-b80f-46c5-828f-a16b0aa6fcb9,18668695.27,0.0,2025,3,2025Q1,262939.37
Kiara Mcintyre,Osun,Laptop,,295715.82,,2025-06-08,Direct,6cd6f011-fd61-413b-b7f2-5d368bddcee3,,,2025,6,2025Q2,295715.82
Dawn Summers,Borno,Phone,,156614.69,,2025-01-24,,a757075b-d47f-43b1-bc69-c1551a37f6bd,,,2025,1,2025Q1,156614.69
Victor Taylor,Ekiti,Headphones,,82908.6,,2024-12-26,Online,dff389aa-4c36-470c-bf5e-3b8cc0582da5,,,2024,12,2024Q4,82908.6
,Imo,Tablet,,167237.08,,2024-11-10,,4347dbca-7321-48b2-8840-405affd2f491,,,2024,11,2024Q4,167237.08
Shannon Ramsey,Borno,Phone,,177704.3,,2023-07-31,Online,164484a0-d115-4fff-9cb9-1d5f593c572b,,,2023,7,2023Q3,177704.3
Richard Smith,Bauchi,Laptop,,220696.03,,2024-07-13,,35ba9357-3ca8-4f31-8fd7-f3b9c68fcba5,,,2024,7,2024Q3,220696.03
Jordan Chambers,Lagos,Camera,,52952.39,,2024-02-02,Wholesale,b06b0f0c-9682-4e22-bcd4-344fcf8a368e,,,2024,2,2024Q1,52952.39
Lauren Carson,Imo,Laptop,,203785.66,,2024-12-01,,9c3a1e0b-b5f3-48aa-9c6d-afff59c2f153,,,2024,12,2024Q4,203785.66
Ashley Hall,Borno,Keyboard,18.0,166977.27,3005590.86,2025-03-10,Online,9dbc15c0-2a7d-457c-ad9c-5b50a1fd4187,3005590.86,0.0,2025,3,2025Q1,166977.27
Stephen Hoffman,Rivers,Laptop,,14541.79,,2025-03-04,Direct,d0437e4c-34e5-4699-88eb-e27a23a4e70e,,,2025,3,2025Q1,14541.79
Connie Brown,Oyo,Headphones,,103652.24,,2024-10-02,,91f0647d-0f32-4333-8e31-593734fa32b6,,,2024,10,2024Q4,103652.24
Susan Turner,Anambra,Keyboard,,193173.16,,2024-10-01,Retail,98cbaa52-47f5-4019-8843-8de259cf0b0d,,,2024,10,2024Q4,193173.16
Charles Shah,Rivers,Tablet,,114655.81,,2024-01-03,Direct,fa9fc10e-52da-4681-ab1a-c76c89ecbc51,,,2024,1,2024Q1,114655.81
Johnathan Davis,Rivers,Tablet,,157576.69,,2025-01-21,Online,929ecc92-4a11-4e44-8aea-1b8fb43cde0a,,,2025,1,2025Q1,157576.69
,Oyo,Keyboard,,209044.37,,2024-10-06,Wholesale,83b0b35c-dba6-4df8-b3d0-4ffb44709848,,,2024,10,2024Q4,209044.37
Natalie Bautista,Anambra,Keyboard,,122773.62,,2024-07-18,Online,d0afb235-ade6-4f51-a670-93a0fc48f615,,,2024,7,2024Q3,122773.62
Patrick Moore,Borno,Camera,,90316.6,,2023-11-20,Direct,c0062b5b-f678-49b2-a2b5-f4571860ad28,,,2023,11,2023Q4,90316.6
Brett Burns,Katsina,Keyboard,26.0,55571.75,1444865.5,2024-08-21,Wholesale,0f2d5c15-eb34-4d3a-a95e-5ea9c9230c64,1444865.5,0.0,2024,8,2024Q3,55571.75
Trevor Johnson,Enugu,Headphones,26.0,161609.52,4201847.52,2024-11-10,Wholesale,a7e8d18e-ddf6-44ac-86fe-acd4fe1393cd,4201847.52,0.0,2024,11,2024Q4,161609.52
Jeremy Sampson,Sokoto,Monitor,,72669.97,,2025-01-21,Online,21f8072d-ddb7-470e-b390-b059207bbe21,,,2025,1,2025Q1,72669.97
Ariana Jennings,Enugu,Camera,,67990.69,,2024-11-03,Direct,5274ee11-b61d-4906-a570-35db3fead90a,,,2024,11,2024Q4,67990.69
Vanessa Howard,Anambra,Headphones,,257333.6,,2025-03-03,Online,d7f34368-c2ef-4ecb-bf5f-bf4fd4176230,,,2025,3,2025Q1,257333.6
Colton Martinez,Bauchi,Laptop,33.0,43733.35,1443200.55,2025-04-24,Retail,24655c39-7d4d-4add-a488-0945ad1db537,1443200.55,0.0,2025,4,2025Q2,43733.35
Linda Smith,Anambra,Monitor,,139176.04,,2023-11-02,,135508d0-73b5-4ad5-a00b-4b356a0aa7d5,,,2023,11,2023Q4,139176.04
Dana Martinez,Abuja,Charger,46.0,17758.37,816885.02,2025-04-09,Wholesale,c4d598f7-e14f-4093-8b6a-d0c7a2356dd4,816885.0199999999,1.1641532182693481e-10,2025,4,2025Q2,17758.37
Andrea Hubbard,Kano,Tablet,,124096.91,,2024-12-20,,bff30c8d-83ff-4e96-a721-3a7017d50f59,,,2024,12,2024Q4,124096.91
Daniel Kane,Anambra,Tablet,,159232.55,,2023-08-04,Retail,e097dedb-efb3-4939-b1d8-18874739cc7b,,,2023,8,2023Q3,159232.55
Charles Lester,Abuja,Tablet,,116831.51,,2024-09-27,,7cf07bb3-f343-49eb-b466-ef025e7b72c8,,,2024,9,2024Q3,116831.51
Scott Thomas,Lagos,Keyboard,,76871.2,,2025-01-05,Retail,de70bd30-00a2-4367-94fb-09f053c93ae7,,,2025,1,2025Q1,76871.2
David Thompson,Sokoto,Headphones,44.0,99413.77,4374205.88,2023-10-04,Retail,17d821b8-bb93-4d40-98df-f535c62dbaea,4374205.88,0.0,2023,10,2023Q4,99413.77
Allison Smith,Oyo,Keyboard,,24181.59,,2023-12-06,Retail,a284e8fd-755c-4e2a-b8de-d777bb1e5ae8,,,2023,12,2023Q4,24181.59
Anthony Harmon,Kaduna,Charger,,135211.15,,2024-06-17,,65d0b517-88d0-4abd-8bb1-8c791036708d,,,2024,6,2024Q2,135211.15
Nichole Alvarez,Ekiti,Charger,,111637.71,,2024-03-10,Wholesale,d3293724-6dfd-471a-b7d7-465d37c3b3c9,,,2024,3,2024Q1,111637.71
Kayla Rodriguez,Imo,Monitor,55.0,160922.84,8850756.2,2024-05-31,,52a74a41-44be-4486-bea5-a387363be5cb,8850756.2,0.0,2024,5,2024Q2,160922.84
Theresa Williams,Niger,Keyboard,,248907.18,,2023-11-05,Wholesale,8c1c8b05-5677-4f36-8899-8e5fd40e53ce,,,2023,11,2023Q4,248907.18
Sharon Boyd,Imo,Charger,,15935.22,,2024-05-26,,da385db5-90ee-4067-a16e-9fe593f37596,,,2024,5,2024Q2,15935.22
Victor Brown,Lagos,Camera,,113461.81,,2024-12-28,,e4e751de-57ff-41d9-89ce-44bd7c3f1add,,,2024,12,2024Q4,113461.81
,Rivers,Camera,14.0,181688.35,2543636.9,2023-12-16,Retail,0bc2ea72-0c64-4ca2-8323-1466aebbb90e,2543636.9,0.0,2023,12,2023Q4,181688.35
Theodore Jones Jr.,Oyo,Camera,,22298.91,,2024-08-03,Wholesale,d6321d31-c8ac-4fcf-a04d-4d14197dbae1,,,2024,8,2024Q3,22298.91
Kimberly Nguyen,Abuja,Phone,,241492.86,,2024-10-27,,74de5f70-70f8-4dba-a871-9b9bdb8f0e32,,,2024,10,2024Q4,241492.86
Kerry Chavez DDS,Osun,Charger,,176481.31,,2025-06-24,Wholesale,6d84414d-f541-41ea-bde9-1c42002c4c22,,,2025,6,2025Q2,176481.31
Michael Farrell,Plateau,Keyboard,,201599.43,,2024-07-11,,e8cee951-b047-4ea4-bee5-ce6933cb202e,,,2024,7,2024Q3,201599.43
Patricia Le,Imo,Monitor,58.0,65496.45,3798794.1,2025-05-18,Online,4d470ed6-a666-4769-a1d4-6f8221c50e41,3798794.0999999996,4.656612873077393e-10,2025,5,2025Q2,65496.45
Jesse Perez,Oyo,Monitor,,63062.28,,2025-04-29,Retail,e0688849-eec7-4a30-9fda-35b228b2bf21,,,2025,4,2025Q2,63062.28
Jesse Perry,Niger,Headphones,,272156.33,,2025-02-01,Direct,5c457e4d-a793-43b8-97e5-2113462623be,,,2025,2,2025Q1,272156.33
Jeffery Ortega,Oyo,Keyboard,,91304.81,,2025-01-25,Online,aa1d3fc6-5f31-473d-9519-830c40198303,,,2025,1,2025Q1,91304.81
Christian Leblanc,Abuja,Phone,8.0,272743.75,2181950.0,2023-08-28,Wholesale,0d41ee47-2a5f-4a18-a61f-0b96e75f745a,2181950.0,0.0,2023,8,2023Q3,272743.75
Ronald Davis,Borno,Headphones,,63936.43,,2025-01-09,Retail,b9da5f8c-4e35-4a80-a027-9a186576a410,,,2025,1,2025Q1,63936.43
Parker Cain,Abuja,Laptop,,57412.1,,2024-08-16,Retail,185df528-b425-4e19-9758-d47ea7cde143,,,2024,8,2024Q3,57412.1
Bryan Gomez,Enugu,Laptop,4.0,224190.33,896761.32,2024-09-18,Wholesale,13f3cade-7a10-413f-b6a2-c52b00473139,896761.32,0.0,2024,9,2024Q3,224190.33
Nicole Parrish,Delta,Keyboard,,226422.06,,2024-03-19,Retail,84fa4c72-39e7-44f1-97fb-613a21f89d06,,,2024,3,2024Q1,226422.06
Tracy Burke,Rivers,Phone,57.0,274375.17,15639384.69,2024-12-06,Direct,02106371-0260-4123-b1ef-e72aae13591e,15639384.69,0.0,2024,12,2024Q4,274375.17
Kenneth Lewis,Osun,Headphones,17.0,208840.07,3550281.19,2024-07-16,Direct,1edf3bfa-d12e-4eb5-97f4-79b5b212a6ee,3550281.19,0.0,2024,7,2024Q3,208840.07
Courtney Rodriguez,Imo,Monitor,,211278.69,,2024-08-22,Retail,b1ac040d-6c1c-4405-9c3f-42e0fcf7b842,,,2024,8,2024Q3,211278.69
Holly Farmer,Niger,Headphones,,119291.3,,2024-04-28,,3a9c4308-1221-4ddf-ba4a-902f21d63b0f,,,2024,4,2024Q2,119291.3
Renee Bruce,Katsina,Laptop,,72179.62,,2024-03-10,Wholesale,ce532ffd-bb13-4f02-96de-66c96210def6,,,2024,3,2024Q1,72179.62
Allison Hickman,Delta,Tablet,,96823.7,,2024-07-02,Direct,61fa01ba-231a-47c7-8c9b-ff5ce1887eaf,,,2024,7,2024Q3,96823.7
Debra White,Kaduna,Charger,,85276.23,,2025-06-18,Direct,dfdf0e05-c0ce-431b-9038-e153c601818b,,,2025,6,2025Q2,85276.23
,Kaduna,Monitor,,140142.01,,2024-08-28,Online,ad58db1b-fe31-437a-a43e-558c2215df00,,,2024,8,2024Q3,140142.01
Ellen Morgan,Niger,Laptop,98.0,194792.04,19089619.92,2024-04-01,Online,9033da65-87cf-43fd-9183-6c4f249204c7,19089619.92,0.0,2024,4,2024Q2,194792.04
Sergio Knight,Lagos,Charger,74.0,92872.47,6872562.78,2024-09-07,Direct,2a038ad4-a667-4982-9c3d-e1b0022b6683,6872562.78,0.0,2024,9,2024Q3,92872.47
Paul Lewis,Sokoto,Charger,,264902.18,,2024-12-16,Wholesale,368acd40-b8f1-4e3c-99e7-703a70aa5b0d,,,2024,12,2024Q4,264902.18
Glen Wood,Niger,Keyboard,,140068.22,,2025-03-01,Wholesale,eb7e2e64-26c0-447e-bf8e-8bfaa0c9da72,,,2025,3,2025Q1,140068.22
Paula Bradley,Delta,Phone,32.0,240943.58,7710194.56,2025-05-14,Direct,714011a1-afc2-4cfc-9db7-284b6965d1d1,7710194.56,0.0,2025,5,2025Q2,240943.58
Megan Nelson,Kaduna,Camera,,216862.87,,2024-12-20,Wholesale,1f873b46-c0a0-473a-a3d7-e6a119b814fc,,,2024,12,2024Q4,216862.87
Karla Ramos,Rivers,Tablet,,228607.88,,2024-11-21,,59fe3d53-624f-4a4b-bae1-e13796ee50e5,,,2024,11,2024Q4,228607.88
Paul Wilson,Benue,Camera,72.0,96409.87,6941510.64,2025-03-26,Online,ca840003-5083-4fef-adec-6bbdf69777a1,6941510.64,0.0,2025,3,2025Q1,96409.87
Douglas Gregory,Abuja,Laptop,,61336.68,,2024-12-30,Online,a505da9c-46e7-4a2c-bf6e-ed9d23cbe943,,,2024,12,2024Q4,61336.68
Mr. Andrew Foster,Cross River,Monitor,,94220.14,,2024-02-01,Direct,99db1302-8dab-46d3-bf87-dfc2159152f2,,,2024,2,2024Q1,94220.14
,Delta,Laptop,,14191.78,,2024-10-26,Wholesale,48f091f0-9b8b-48ae-b89f-3a92999a1d86,,,2024,10,2024Q4,14191.78
Aimee Turner,Enugu,Laptop,,259293.41,,2024-07-21,Online,06ddf6ca-b0c3-4a59-b0f7-ad22c76a8e0f,,,2024,7,2024Q3,259293.41
Chad Scott,Ekiti,Keyboard,63.0,222505.09,14017820.67,2023-12-07,,e03635fc-a88d-4108-98d9-94b8d90f74e9,14017820.67,0.0,2023,12,2023Q4,222505.09
Adam Burgess,Osun,Headphones,16.0,5357.86,85725.76,2024-01-18,Direct,9b5f8f39-848b-44f0-b498-17354d38e415,85725.76,0.0,2024,1,2024Q1,5357.86
Sandra Drake,Delta,Phone,,166216.81,,2024-09-16,Direct,6449cb6f-bf72-4e52-b04b-237082701238,,,2024,9,2024Q3,166216.81
Scott Williams,Delta,Phone,57.0,175417.55,9998800.35,2024-02-27,Retail,c8a738ab-0df8-4e12-a56b-61e04ba8a4ca,9998800.35,0.0,2024,2,2024Q1,175417.55
Thomas Atkins,Lagos,Charger,,216143.58,,2024-01-01,Direct,3d4574eb-f465-4a21-8b35-097ae5dd98f1,,,2024,1,2024Q1,216143.58
Laura Mckinney,Enugu,Phone,,88910.09,,2024-02-27,Wholesale,3db788a6-1cdc-44c2-a2c9-65b27eb0f62a,,,2024,2,2024Q1,88910.09
Brian Smith,Benue,Tablet,91.0,59259.44,5392609.04,2025-02-28,Wholesale,122dd7be-980b-481e-a359-5d1f7fe4a42e,5392609.04,0.0,2025,2,2025Q1,59259.44
Robert Montgomery,Sokoto,Charger,,69390.58,,2024-02-20,Wholesale,0316d2d6-fa4a-48ef-a383-7348873dc8bd,,,2024,2,2024Q1,69390.58
Tamara Davis,Anambra,Charger,,171151.96,,2025-01-08,Wholesale,51045a16-ef15-4b72-9c70-ee97fca45567,,,2025,1,2025Q1,171151.96
Dana Chapman,Kano,Monitor,,74096.14,,2023-12-18,,d6c6f45c-dc5e-4e78-a307-d4d121c9a15d,,,2023,12,2023Q4,74096.14
,Anambra,Headphones,,165417.44,,2024-12-28,,8bde005b-5d8b-4bd7-abbd-b66f91816091,,,2024,12,2024Q4,165417.44
Jennifer Collins,Osun,Camera,82.0,,,2025-01-08,Retail,78946a15-c342-41db-ac3a-acdcaed54a46,,,2025,1,2025Q1,
Gary Jackson,Bauchi,Monitor,,283067.63,,2024-07-24,,12af97e4-c536-466e-bcc4-091bf45707c6,,,2024,7,2024Q3,283067.63
Ashley Hicks,Benue,Headphones,29.0,101600.5,2946414.5,2024-03-13,Direct,0387f74d-1149-4096-965d-744f0445c1a8,2946414.5,0.0,2024,3,2024Q1,101600.5
Hannah Luna,Imo,Headphones,26.0,229126.51,5957289.26,2024-07-17,Wholesale,ec2e2815-0a32-47d2-b73a-edf8431e930f,5957289.26,0.0,2024,7,2024Q3,229126.51
Craig Morrison,Lagos,Laptop,,217205.6,,2024-09-18,Online,65e1b0f5-ca0e-48c4-b2dc-b12b0f7ae302,,,2024,9,2024Q3,217205.6
Mary Thompson,Rivers,Monitor,,222008.43,,2025-07-05,Online,b66edbf4-a0ea-4251-8957-43a281b13b80,,,2025,7,2025Q3,222008.43
Kathleen Webster,Anambra,Camera,,138518.29,,2025-07-05,Direct,6c6f6d2e-6a59-4043-8461-52348044beb2,,,2025,7,2025Q3,138518.29
Joann Glass,Kaduna,Keyboard,71.0,219965.28,15617534.88,2025-03-19,Online,a3fa4069-1519-4d38-a6fb-a71db3a9dcaa,15617534.88,0.0,2025,3,2025Q1,219965.28
Madison Weber,Plateau,Headphones,79.0,105976.76,8372164.04,2025-01-21,Online,271610c1-9db5-4283-89a3-c811895c4fde,8372164.04,0.0,2025,1,2025Q1,105976.76
Jeremy Turner,Abuja,Keyboard,,42417.58,,2024-02-19,Direct,f96c9a0a-3404-402a-abc1-bb5282e4dd4a,,,2024,2,2024Q1,42417.58
,Rivers,Tablet,,164190.63,,2023-10-13,Direct,53a5e850-8950-4dd6-a7c6-cbb1cedd069d,,,2023,10,2023Q4,164190.63
Anthony Romero,Katsina,Keyboard,,55622.31,,2024-09-28,Online,c362a810-a261-4b8d-9620-bee66406face,,,2024,9,2024Q3,55622.31
Jesse Brown,Niger,Tablet,,266864.68,,2024-12-17,Direct,a4a5c736-ae59-4a52-a65b-e22bd5a386d9,,,2024,12,2024Q4,266864.68
Angela Lin,Osun,Phone,74.0,297101.9,21985540.6,2024-09-04,Retail,6fff15cc-b2dc-4c34-8f67-448e10eceb1f,21985540.6,0.0,2024,9,2024Q3,297101.9
Lisa Hunter,Sokoto,Keyboard,,287192.45,,2024-04-30,Retail,3d175712-d8b2-4277-b413-db19bade8d5d,,,2024,4,2024Q2,287192.45
Julian Conner,Niger,Tablet,83.0,157421.35,13065972.05,2025-06-05,Wholesale,ecb4678c-1612-4aa6-be96-39ba0ed2ec9d,13065972.05,0.0,2025,6,2025Q2,157421.35
Erica Alvarez,Bauchi,Laptop,,22761.96,,2025-04-06,Wholesale,9cbf7b8c-7410-4d5d-9db1-4bfc6f3a5115,,,2025,4,2025Q2,22761.96
Antonio Garcia,Rivers,Keyboard,45.0,,,2024-04-04,Online,aa8430f8-4f2d-4233-8e16-5b129bdc70d1,,,2024,4,2024Q2,
Gwendolyn Klein,Benue,Charger,,245489.78,,2025-03-02,Wholesale,2cf72140-bd9b-4648-a876-1e85bddfa03a,,,2025,3,2025Q1,245489.78
Carrie Wright,Plateau,Tablet,,15030.06,,2025-03-26,Wholesale,23204ff5-b538-496c-833e-02f71e93d127,,,2025,3,2025Q1,15030.06
Jeffrey Mills,Enugu,Monitor,24.0,2411.96,57887.04,2023-11-01,Online,7f14eafa-29f0-4f7c-82e7-df89b3957a98,57887.04,0.0,2023,11,2023Q4,2411.96
Jake Campbell,Anambra,Tablet,,41678.71,,2024-02-21,Wholesale,8468b74d-85e3-4de5-98c1-aad6f3f8dea4,,,2024,2,2024Q1,41678.71
,Abuja,Keyboard,8.0,189395.14,1515161.12,2023-08-12,Retail,425e0259-b884-46d2-928f-cf68c871d7b3,1515161.12,0.0,2023,8,2023Q3,189395.14
George Harper,Niger,Tablet,67.0,20856.4,1397378.8,2024-02-19,Online,bff15840-207e-463f-9f32-d5d82abe1585,1397378.8,0.0,2024,2,2024Q1,20856.4
Maria Jones,Lagos,Camera,39.0,45733.38,1783601.82,2025-01-15,Direct,bba1aed9-44cd-4fdd-9f9b-141ec7f7bda1,1783601.8199999998,2.3283064365386963e-10,2025,1,2025Q1,45733.38
Michael Mitchell,Bauchi,Monitor,,66006.54,,2023-09-10,Wholesale,e65fad87-c57c-4498-9e38-f711e2ec13f4,,,2023,9,2023Q3,66006.54
Mary Escobar,Imo,Keyboard,91.0,137074.89,12473814.99,2024-04-05,Retail,6de8370a-ce9e-4ebd-95c3-48530783e43c,12473814.990000002,-1.862645149230957e-09,2024,4,2024Q2,137074.89
Gregory Ponce,Osun,Camera,37.0,18604.81,688377.97,2024-06-18,Online,a0a5fde6-939f-41a2-b99c-ea5cb65ad0f1,688377.9700000001,-1.1641532182693481e-10,2024,6,2024Q2,18604.81
Emily Bennett,Kano,Charger,,280204.16,,2024-01-26,Online,82c299f0-7487-4772-bf03-86fa13badc91,,,2024,1,2024Q1,280204.16
Robin Santiago,Sokoto,Tablet,36.0,273869.06,9859286.16,2025-02-10,Retail,dbff00b0-7fe6-40f3-8e31-41ec5c311464,9859286.16,0.0,2025,2,2025Q1,273869.06
Nancy Jennings,Katsina,Tablet,,197955.66,,2024-07-17,Direct,28457780-5e20-4957-aab8-bd33911f730b,,,2024,7,2024Q3,197955.66
Maria Henderson,Sokoto,Phone,,5211.66,,2023-12-24,Online,e4eec67c-1a57-49e4-85f8-e2f8414f4994,,,2023,12,2023Q4,5211.66
Jack White,Rivers,Monitor,,159897.64,,2023-12-14,Retail,1d8680cb-b908-40f3-ac93-281a92ebeab0,,,2023,12,2023Q4,159897.64
,Borno,Tablet,83.0,123695.88,10266758.04,2025-04-14,,00a85473-8242-4912-bda3-c1623a78b64a,10266758.040000001,-1.862645149230957e-09,2025,4,2025Q2,123695.88
Travis Tucker,Bauchi,Phone,,5509.48,,2024-09-01,Retail,03254fbd-dce8-41c5-9bd3-0aec0b461173,,,2024,9,2024Q3,5509.48
Chad Jones,Borno,Phone,20.0,,,2024-02-06,,5d2d904f-78c5-4073-8bc5-72073e9aec86,,,2024,2,2024Q1,
Ashley Wise,Niger,Keyboard,,216796.72,,2025-07-04,Direct,2dd0622e-266b-42ea-ab93-f78c620af158,,,2025,7,2025Q3,216796.72
Sophia Johnson,Sokoto,Tablet,,160953.56,,2024-09-19,Online,090d9655-db84-4660-b5d8-fb91ee6081ac,,,2024,9,2024Q3,160953.56
Ralph Anderson,Benue,Camera,,86363.22,,2025-01-01,Online,b6ca1127-e9f8-4970-8d98-f9e28d888beb,,,2025,1,2025Q1,86363.22
Christopher Guerra,Borno,Charger,6.0,150913.7,905482.2,2024-02-06,Wholesale,3979d5f5-6b5b-4975-a7dc-2bc0bd9c4693,905482.2000000001,-1.1641532182693481e-10,2024,2,2024Q1,150913.7
Rhonda Martin,Imo,Camera,11.0,209508.79,2304596.69,2023-10-25,Online,ea75752d-6a8f-4acb-bf8e-2d0d52619dec,2304596.69,0.0,2023,10,2023Q4,209508.79
Jeremy Mitchell,Enugu,Tablet,,281943.72,,2024-10-31,Retail,d3748a11-4571-4959-91e7-44e4b864ca08,,,2024,10,2024Q4,281943.72
Joann Ferguson,Niger,Headphones,,54190.42,,2025-02-05,Direct,1e910f36-5f70-4b25-9250-2e5913f06822,,,2025,2,2025Q1,54190.42
Robert Harrison,Benue,Laptop,,275455.63,,2024-10-08,Online,0d7bec04-e6e5-4b32-ac5f-12ef8085c147,,,2024,10,2024Q4,275455.63
Holly Valentine,Kaduna,Phone,82.0,,,2024-01-12,Retail,8409c5ea-cde9-48b3-b922-a7e42de982f8,,,2024,1,2024Q1,
,Katsina,Tablet,,157553.43,,2024-01-15,Direct,66a302d6-f43e-4c48-8bc1-f9e5fb3df063,,,2024,1,2024Q1,157553.43
Mrs. Diane Reyes,Plateau,Keyboard,,72670.17,,2023-08-19,Online,ddb449dc-7710-4966-a082-7f7611a529b4,,,2023,8,2023Q3,72670.17
Tracy Montoya,Borno,Phone,,186124.36,,2024-12-12,Online,4f89e3b2-d847-4c53-8605-e58a48454343,,,2024,12,2024Q4,186124.36
Brenda Wright,Benue,Charger,62.0,76099.25,4718153.5,2025-06-13,Online,74ed5145-8d97-45c7-961d-5c8753c9fe59,4718153.5,0.0,2025,6,2025Q2,76099.25
Shelly Spencer,Imo,Headphones,,106655.11,,2024-08-26,Wholesale,4aa5f9d3-335f-4f59-9e71-7fca020a4497,,,2024,8,2024Q3,106655.11
Ryan Rosales,Lagos,Laptop,,238583.43,,2024-01-02,Wholesale,bd54da04-4dcd-4009-88d5-77179055a36f,,,2024,1,2024Q1,238583.43
Phillip Nelson,Borno,Tablet,,24166.26,,2024-11-17,Wholesale,5e472e22-76c3-4642-be19-fc1d9f6a6a65,,,2024,11,2024Q4,24166.26
Brittany Kim,Borno,Charger,8.0,287809.69,2302477.52,2024-01-07,Retail,ff6ef9ed-7e4c-429f-b8cb-ab4c97790e84,2302477.52,0.0,2024,1,2024Q1,287809.69
Courtney Hayes,Enugu,Monitor,,137969.82,,2023-08-20,Direct,bb82b796-3207-443e-86a0-7656c5c9fb91,,,2023,8,2023Q3,137969.82
Cynthia Vang,Plateau,Camera,,73340.76,,2024-05-27,Retail,cbc4ec0e-c2ae-4674-8beb-4e78e68373a3,,,2024,5,2024Q2,73340.76
Alfred Galvan,Katsina,Headphones,78.0,209322.28,16327137.84,2024-03-23,Online,eeb19ad2-01a1-4b0f-a68b-84b63ec0a285,16327137.84,0.0,2024,3,2024Q1,209322.28
Marie Moody,Sokoto,Charger,,90342.4,,2025-01-18,,8aa2b4c9-3ba5-4d76-861e-fb9568f82063,,,2025,1,2025Q1,90342.4
,Ekiti,Tablet,,248504.59,,2024-07-11,,b186a5a8-d6ee-426b-a2cd-159058af393c,,,2024,7,2024Q3,248504.59
Dustin Gallegos,Ekiti,Headphones,,24644.77,,2023-09-27,Online,55c3b2db-f374-490d-8274-ce40e09016b6,,,2023,9,2023Q3,24644.77
Brenda Thornton,Ekiti,Tablet,,297506.57,,2024-12-21,,60538c1b-a845-40a1-8249-2e5e005fd0e6,,,2024,12,2024Q4,297506.57
Aaron Miller,Enugu,Keyboard,,195143.39,,2025-02-28,Retail,4eb9047d-ba2a-43d9-bcf2-fc3bd95874c2,,,2025,2,2025Q1,195143.39
Ruben Dunn,Bauchi,Tablet,,9989.51,,2023-10-25,Direct,fbad793f-87a1-4c02-b487-9e411a9c672a,,,2023,10,2023Q4,9989.51
Kelsey Rodriguez,Cross River,Charger,,121880.85,,2023-07-15,Wholesale,f610396b-7df5-4abf-ab79-0d013cf88d20,,,2023,7,2023Q3,121880.85
Riley Bryant,Kano,Keyboard,58.0,113462.29,6580812.82,2025-07-01,Retail,0b3d0c36-17d0-4810-87a2-a10bb62edb49,6580812.819999999,9.313225746154785e-10,2025,7,2025Q3,113462.29
Taylor Carlson,Borno,Laptop,19.0,143063.53,2718207.07,2023-11-10,Direct,d872f72e-e5b4-41ae-bb41-c943ebd8a3b1,2718207.07,0.0,2023,11,2023Q4,143063.53
Jose Allen,Bauchi,Headphones,,191206.05,,2024-05-22,,e5449887-b36a-43ed-a9be-173a850ef0ad,,,2024,5,2024Q2,191206.05
Jason Beck,Sokoto,Monitor,54.0,25264.49,1364282.46,2025-07-06,Retail,bf7655d7-f97c-4c3c-b55d-814b5f5ba255,1364282.4600000002,-2.3283064365386963e-10,2025,7,2025Q3,25264.49
William Jones,Kano,Charger,,253676.27,,2025-05-25,Online,8163b6ce-1877-4c06-94ad-625215bc2a3e,,,2025,5,2025Q2,253676.27
,Delta,Laptop,,193649.72,,2025-05-23,Online,64f434d6-d1e9-4691-a320-9116222df6a4,,,2025,5,2025Q2,193649.72
Katie Mcneil,Borno,Monitor,41.0,99715.55,4088337.55,2024-07-14,Retail,0ff1c51f-915c-431b-9786-7b1213281726,4088337.5500000003,-4.656612873077393e-10,2024,7,2024Q3,99715.55
Jeanette Harrison,Delta,Phone,98.0,293210.1,28734589.8,2024-07-15,Online,21761930-f6d7-4248-a995-ecc36f5b09a6,28734589.799999997,3.725290298461914e-09,2024,7,2024Q3,293210.1
Richard Cooper,Oyo,Laptop,,292165.0,,2023-12-12,Direct,64988bde-cd02-44db-ad11-15d750a46c85,,,2023,12,2023Q4,292165.0
Lori Ingram,Lagos,Keyboard,,268489.97,,2025-02-17,Wholesale,53853918-bc40-45fa-94f7-6322b362c0d2,,,2025,2,2025Q1,268489.97
Evelyn Williams,Abuja,Charger,3.0,275786.09,827358.27,2024-02-19,Direct,3bcdf203-459e-4674-b3e7-f042516c3b0a,827358.27,0.0,2024,2,2024Q1,275786.09
Robin Thompson,Delta,Tablet,,69315.07,,2024-03-16,Wholesale,22d839d3-33e4-4986-b18c-ccdc131eb723,,,2024,3,2024Q1,69315.07
Julie Dominguez,Cross River,Monitor,59.0,270431.25,15955443.75,2024-02-17,Retail,1be5a4c3-95af-4d0c-8528-5425c7a9f33c,15955443.75,0.0,2024,2,2024Q1,270431.25
Robin Brown,Katsina,Charger,,207840.17,,2024-11-23,Retail,7316ce64-2a14-4a96-9b0c-62eb27c8fc6c,,,2024,11,2024Q4,207840.17
Judith Carter,Kano,Laptop,46.0,170251.85,7831585.1,2023-08-25,Wholesale,1ee89a4c-6811-44e2-9064-7c59774f6354,7831585.100000001,-9.313225746154785e-10,2023,8,2023Q3,170251.85
Kaylee Hays,Niger,Keyboard,,277285.7,,2025-02-27,Retail,c534ca08-f6f2-4d1c-9bb8-b9c8893259f3,,,2025,2,2025Q1,277285.7
Dawn Mullins,Enugu,Charger,,205486.41,,2024-11-28,,1725d2c7-1eb2-47b8-9a3c-45ca43d78f2b,,,2024,11,2024Q4,205486.41
Howard Norman,Benue,Camera,69.0,84471.72,5828548.68,2024-09-28,,4de1087b-afa1-4a55-8ebe-abaa28597b34,5828548.68,0.0,2024,9,2024Q3,84471.72
Evelyn Martinez,Cross River,Laptop,,163137.69,,2024-01-07,,9a72083c-b266-486c-b467-88bdd38e13e4,,,2024,1,2024Q1,163137.69
Steve Paul,Benue,Keyboard,,197603.72,,2024-08-29,Wholesale,db4862c2-d5ff-4a1f-b70b-9a290a530df9,,,2024,8,2024Q3,197603.72
Jasmine Beltran,Delta,Tablet,,54216.67,,2025-02-03,Online,b60e695c-1759-4a96-a5f8-8c7453ea4919,,,2025,2,2025Q1,54216.67
Jonathan Glass MD,Oyo,Monitor,,255203.07,,2025-01-22,Wholesale,657046ea-5b11-451f-b7e9-101d3f8b4433,,,2025,1,2025Q1,255203.07
Monica Miller,Lagos,Laptop,47.0,5189.6,243911.2,2025-05-01,Retail,4c80d33a-ad5b-43c8-8c88-0714837217e0,243911.2,0.0,2025,5,2025Q2,5189.6
Samantha Gardner,Rivers,Headphones,52.0,62543.86,3252280.72,2025-07-07,,2c82989f-fd9c-4bb0-91f1-6485429a4a7c,3252280.72,0.0,2025,7,2025Q3,62543.86
Bobby Guerrero,Niger,Phone,,43685.37,,2023-08-08,,dac726b6-6786-4fb3-b3bc-9a7107f4fee5,,,2023,8,2023Q3,43685.37
Heather Williams,Kaduna,Tablet,,246296.88,,2025-06-25,Retail,1a16998c-7648-476e-983f-ea703ff6579e,,,2025,6,2025Q2,246296.88
,Ekiti,Laptop,,278698.04,,2024-05-30,Wholesale,1f178f93-23c9-4a1e-8b37-1d97cdcc2d6a,,,2024,5,2024Q2,278698.04
William Gould,Abuja,Laptop,,90133.43,,2025-05-26,Online,c7ecfe71-d493-47fc-8fc9-8d2e030f9be9,,,2025,5,2025Q2,90133.43
Mark Cox,Imo,Camera,,169405.48,,2025-04-21,Retail,32b8d8aa-2176-4dd7-b8e7-e019fb8986c8,,,2025,4,2025Q2,169405.48
Meghan Cisneros,Delta,Headphones,,170225.43,,2023-11-24,Direct,afb06406-5f4b-4a97-a68c-879bd2dc42c8,,,2023,11,2023Q4,170225.43
Lawrence Harrington,Rivers,Monitor,16.0,254908.01,4078528.16,2025-07-05,Direct,15839b99-a50a-43dc-b004-e897a15b2e18,4078528.16,0.0,2025,7,2025Q3,254908.01
Austin Osborne,Ekiti,Keyboard,,203271.97,,2025-06-24,Online,eadc9960-4242-41e2-960b-e0f495132c22,,,2025,6,2025Q2,203271.97
James Bradley,Oyo,Charger,,162398.45,,2023-08-08,Retail,ff45f8a2-0594-424f-9332-5c31d010318a,,,2023,8,2023Q3,162398.45
Phillip Berry,Bauchi,Headphones,97.0,115461.94,11199808.18,2024-05-14,,178be968-20f8-4ba2-8f2e-32967184b713,11199808.18,0.0,2024,5,2024Q2,115461.94
Jennifer Banks,Imo,Monitor,,222053.68,,2025-03-14,Online,cf133b65-d450-4fa2-98e7-0aebe7b33085,,,2025,3,2025Q1,222053.68
Brian Fitzgerald,Katsina,Laptop,,237254.18,,2024-07-29,,f1394e3c-0aee-4557-9f5d-f91254e07431,,,2024,7,2024Q3,237254.18
Mr. Justin Green III,Sokoto,Keyboard,65.0,206948.51,13451653.15,2023-12-02,Online,ec93e596-2b01-4723-8cf6-97a57603c36c,13451653.15,0.0,2023,12,2023Q4,206948.51
Zachary Mitchell,Ekiti,Monitor,6.0,23989.09,143934.54,2025-07-07,Wholesale,b9744cde-d259-4960-aee3-560792ea1324,143934.54,0.0,2025,7,2025Q3,23989.09
Katherine Martinez,Bauchi,Phone,,104084.92,,2025-05-18,Retail,61fa8e7a-078c-46ce-bf02-23bc651ea252,,,2025,5,2025Q2,104084.92
Jodi Roach,Niger,Charger,,29756.89,,2025-06-29,Direct,5a9c0679-2c3d-47e2-ad39-da75aee70ab2,,,2025,6,2025Q2,29756.89
Brandon Fleming,Imo,Camera,,70027.13,,2024-02-20,,46653497-2fe9-42aa-a886-a01136f7a26c,,,2024,2,2024Q1,70027.13
